{
  "version":  "0.6.0",
  "energy":    -1.5549717506525642E+01,
  "energies": [
    -3.8874293766314092E+00,
    -3.8874293766314163E+00,
    -3.8874293766314105E+00,
    -3.8874293766314052E+00
  ]
}
