{
  "version":  "0.6.0",
  "energy":    -5.0274331772759218E-01,
  "energies": [
    -5.0274331772759218E-01
  ]
}
