{
  "version":  "0.6.0",
  "energy":    -3.7563311309852363E+00,
  "energies": [
    -3.7563311309852363E+00
  ]
}
