{
  "version":  "0.6.0",
  "energy":    -1.0845841895977903E+00,
  "energies": [
    -1.0845841895977903E+00
  ]
}
