{
  "version":  "0.6.0",
  "energy":    -3.7703381826766940E+00,
  "energies": [
    -3.7703381826766940E+00
  ]
}
