{
  "version":  "0.6.0",
  "energy":    -2.2604838148156623E+00,
  "energies": [
    -2.2604838148156623E+00
  ]
}
