{
  "version":  "0.6.0",
  "energy":    -1.7846718074182715E+00,
  "energies": [
    -1.7846718074182715E+00
  ]
}
