{
  "version":  "0.6.0",
  "energy":    -4.4098452999301996E+00,
  "energies": [
    -4.4098452999301996E+00
  ]
}
