{
  "version":  "0.6.0",
  "energy":    -2.7607144263849226E-01,
  "energies": [
    -2.7607144263849226E-01
  ]
}
