{
  "version":  "0.6.0",
  "energy":    -1.5983599381592066E+00,
  "energies": [
    -1.5983599381592066E+00
  ]
}
