{
  "version":  "0.6.0",
  "energy":    -1.5425513213996023E+00,
  "energies": [
    -1.5425513213996023E+00
  ]
}
