{
  "version":  "0.6.0",
  "energy":    -3.7221809574766267E+00,
  "energies": [
    -3.7221809574766267E+00
  ]
}
