{
  "version":  "0.6.0",
  "energy":    -5.0119073423588150E+00,
  "energies": [
    -5.0119073423588150E+00
  ]
}
