{
  "version":  "0.6.0",
  "energy":    -4.4068901473558810E+00,
  "energies": [
    -4.4068901473558810E+00
  ]
}
