{
  "version":  "0.6.0",
  "energy":    -1.8897168657517491E-01,
  "energies": [
    -1.8897168657517491E-01
  ]
}
