{
  "version":  "0.6.0",
  "energy":    -4.4905501343151988E+00,
  "energies": [
    -4.4905501343151988E+00
  ]
}
