{
  "version":  "0.6.0",
  "energy":    -2.2968851552425376E+00,
  "energies": [
    -2.2968851552425376E+00
  ]
}
