{
  "version":  "0.6.0",
  "energy":    -1.7107723906142183E-01,
  "energies": [
    -1.7107723906142183E-01
  ]
}
