{
  "version":  "0.6.0",
  "energy":    -1.6477394867534501E-01,
  "energies": [
    -1.6477394867534501E-01
  ]
}
