method,metric,n_old,n_new,n_common,old_ME_reported,new_ME_reported,old_MAE_reported,new_MAE_reported,delta_MAE_reported,old_RMSE_reported,new_RMSE_reported,old_MAE_common,new_MAE_common,delta_MAE_common,mean_abs_value_change,max_abs_value_change
GFN1,lattice_constant_A,12,12,12,-0.00522616,0.02234230,0.16434107,0.13762823,-0.02671284,0.20038622,0.15937153,0.16434107,0.13762823,-0.02671284,0.05983108,0.16644994
GFN1,cohesive_energy_eV_per_atom,12,12,12,1.38101231,1.38551024,1.45585911,1.45056332,-0.00529579,1.67377701,1.64852282,1.45585911,1.45056332,-0.00529579,0.07927718,0.37177287
GFN2,lattice_constant_A,11,10,10,-0.09965670,-0.00386317,0.14763755,0.06259932,-0.08503824,0.19534442,0.08905525,0.13326362,0.06259932,-0.07066430,0.09773394,0.47234702
GFN2,cohesive_energy_eV_per_atom,11,10,10,1.55719432,1.10081628,1.73183907,1.29317196,-0.43866711,2.04936268,1.57734985,1.53412376,1.29317196,-0.24095180,0.25601626,1.67090570
