method,metric,n_old,n_new,n_common,old_ME_reported,new_ME_reported,old_MAE_reported,new_MAE_reported,delta_MAE_reported,old_RMSE_reported,new_RMSE_reported,old_MAE_common,new_MAE_common,delta_MAE_common,mean_abs_value_change,max_abs_value_change
GFN1,lattice_constant_A,12,12,12,-0.00522616,0.01815986,0.16434107,0.13665006,-0.02769101,0.20038622,0.15914522,0.16434107,0.13665006,-0.02769101,0.05707238,0.16012107
GFN1,cohesive_energy_eV_per_atom,12,12,12,1.38293711,1.39379706,1.45732549,1.45769443,0.00036894,1.67466498,1.65311368,1.45732549,1.45769443,0.00036894,0.07953287,0.39193565
GFN2,lattice_constant_A,11,10,10,-0.09965670,-0.00578455,0.14763755,0.06240969,-0.08522787,0.19534442,0.08991429,0.13326362,0.06240969,-0.07085394,0.09675816,0.46302944
GFN2,cohesive_energy_eV_per_atom,10,10,10,1.34242452,1.10698251,1.53452079,1.29932483,-0.23519595,1.80145587,1.58110318,1.53452079,1.29932483,-0.23519595,0.25286847,1.65481042
