{
  "version":  "0.6.0",
  "energy":    -4.3992146126848866E+00,
  "energies": [
    -4.3992146126848866E+00
  ]
}
