{
  "version":  "0.6.0",
  "energy":    -4.7425957834513111E-01,
  "energies": [
    -4.7425957834513111E-01
  ]
}
