{
  "version":  "0.6.0",
  "energy":    -1.7463424982163403E-01,
  "energies": [
    -1.7463424982163403E-01
  ]
}
