{
  "version":  "0.6.0",
  "energy":    -4.1743789440397530E+00,
  "energies": [
    -4.1743789440397530E+00
  ]
}
