source,method,n_complete,a_ME_A,a_MAE_A,a_RMSE_A,ecoh_ME_eV_per_atom,ecoh_MAE_eV_per_atom,ecoh_RMSE_eV_per_atom
CP2K/tblite EOS,GFN1,10,0.01677549,0.16917604,0.20396189,1.49881655,1.58808261,1.78416590
CP2K/tblite EOS,GFN2,10,-0.08048468,0.13326362,0.18299000,1.34242452,1.53452079,1.80145587
Goldzak2022,HF,10,0.05230000,0.05590000,0.07874452,-1.62300000,1.62300000,1.67549694
Goldzak2022,MP2,10,-0.00940000,0.01800000,0.02272884,0.24800000,0.24800000,0.27881894
Goldzak2022,SCS-MP2,10,0.00610000,0.01090000,0.01256583,0.03100000,0.06300000,0.08596511
Goldzak2022,SOS-MP2,10,0.01350000,0.01350000,0.01560449,-0.07300000,0.08900000,0.10521407
