{
  "version":  "0.6.0",
  "energy":    -1.1626605434809885E+00,
  "energies": [
    -1.1626605434809885E+00
  ]
}
