{
  "version":  "0.6.0",
  "energy":    -4.6243085300062681E-01,
  "energies": [
    -4.6243085300062681E-01
  ]
}
