{
  "version":  "0.6.0",
  "energy":    -2.3714139015150945E-01,
  "energies": [
    -2.3714139015150945E-01
  ]
}
