{
  "version":  "0.6.0",
  "energy":    -5.8645893881098132E-01,
  "energies": [
    -5.8645893881098132E-01
  ]
}
