{
  "version":  "0.6.0",
  "energy":    -1.8351896368848257E+00,
  "energies": [
    -1.8351896368848257E+00
  ]
}
