{
  "version":  "0.6.0",
  "energy":    -2.1904297096377498E-01,
  "energies": [
    -2.1904297096377498E-01
  ]
}
