{
  "version":  "0.6.0",
  "energy":    -1.6521989847020664E+00,
  "energies": [
    -1.6521989847020664E+00
  ]
}
