{
  "version":  "0.6.0",
  "energy":    -1.5513513890247165E+01,
  "energies": [
    -3.8783784725625359E+00,
    -3.8783784725641901E+00,
    -3.8783784725606343E+00,
    -3.8783784725598034E+00
  ]
}
