{
  "version":  "0.6.0",
  "energy":    -1.5262996246142935E-01,
  "energies": [
    -1.5262996246142935E-01
  ]
}
