{
  "version":  "0.6.0",
  "energy":    -3.7848620677521940E+00,
  "energies": [
    -3.7848620677521940E+00
  ]
}
