{
  "version":  "0.6.0",
  "energy":    -9.1231611181307659E-01,
  "energies": [
    -9.1231611181307659E-01
  ]
}
