{
  "version":  "0.6.0",
  "energy":    -3.7164635248877209E-01,
  "energies": [
    -3.7164635248877209E-01
  ]
}
