{
  "version":  "0.6.0",
  "energy":    -4.3364202073205399E-01,
  "energies": [
    -4.3364202073205399E-01
  ]
}
