{
  "version":  "0.6.0",
  "energy":    -4.4065381874238696E+00,
  "energies": [
    -4.4065381874238696E+00
  ]
}
