{
  "version":  "0.6.0",
  "energy":    -1.8090497068668604E-01,
  "energies": [
    -1.8090497068668604E-01
  ]
}
