{
  "GFN1": {
    "complete": true,
    "energies_hartree": {
      "Ih": -69.44778993883716,
      "II": -69.47911798252551,
      "III": -69.46250206751283,
      "IV": -92.6204042952673,
      "VI": -57.9062569345405,
      "VII": -69.39276490722911,
      "VIII": -46.310340653301736,
      "IX": -69.4693287873151,
      "XI": -46.2937603450303,
      "XIII": -162.1131931263311,
      "XIV": -69.46380905363947,
      "XV": -57.90613204272827,
      "XVII": -34.73033112985048
    },
    "per_h2o_hartree": {
      "Ih": -5.78731582823643,
      "II": -5.789926498543792,
      "III": -5.788541838959403,
      "IV": -5.788775268454207,
      "VI": -5.79062569345405,
      "VII": -5.782730408935759,
      "VIII": -5.788792581662717,
      "IX": -5.789110732276259,
      "XI": -5.7867200431287875,
      "XIII": -5.789756897368968,
      "XIV": -5.7886507544699555,
      "XV": -5.790613204272827,
      "XVII": -5.788388521641746
    },
    "relative_kjmol": {
      "Ih": 0.0,
      "II": -6.854313946917024,
      "III": -3.218890709348893,
      "IV": -3.831759763454981,
      "VI": -8.690049930690101,
      "VII": 12.039016713990275,
      "VIII": -3.87721558613164,
      "IX": -4.712519906815962,
      "XI": 1.5642335844413764,
      "XIII": -6.409026123811635,
      "XIV": -3.5048483428775876,
      "XV": -8.65725958990907,
      "XVII": -2.816356147342188
    },
    "relative_errors_kjmol": {
      "Ih": 0.0,
      "II": -7.1643139469170265,
      "III": -4.4688907093488925,
      "IV": -7.661759763454986,
      "VI": -10.470049930690102,
      "VII": 7.049016713990273,
      "VIII": -8.107215586131645,
      "IX": -5.312519906815964,
      "XI": 1.4042335844413727,
      "XIII": -8.52902612381164,
      "XIV": -5.2048483428775905,
      "XV": -10.397259589909073,
      "XVII": -4.566356147342188
    },
    "mae_relative_kjmol": 6.694624195477562,
    "me_relative_kjmol": -5.285749145738955,
    "rmse_relative_kjmol": 7.1532192984324565,
    "maxae_relative_kjmol": 10.470049930690102
  },
  "GFN2": {
    "complete": true,
    "energies_hartree": {
      "Ih": -61.08934204020871,
      "II": -61.101613104070964,
      "III": -61.09523464497978,
      "IV": -81.45616146718878,
      "VI": -50.91205722307253,
      "VII": -60.91359303444785,
      "VIII": -40.70358256471041,
      "IX": -61.0984115756258,
      "XI": -40.71888188727637,
      "XIII": -142.58838460078712,
      "XIV": -61.0817510874497,
      "XV": -50.911900782250044,
      "XVII": -30.548042547391834
    },
    "per_h2o_hartree": {
      "Ih": -5.090778503350726,
      "II": -5.091801092005913,
      "III": -5.091269553748315,
      "IV": -5.091010091699299,
      "VI": -5.091205722307253,
      "VII": -5.076132752870654,
      "VIII": -5.087947820588801,
      "IX": -5.091534297968817,
      "XI": -5.089860235909546,
      "XIII": -5.092442307170969,
      "XIV": -5.090145923954142,
      "XV": -5.091190078225004,
      "XVII": -5.091340424565305
    },
    "relative_kjmol": {
      "Ih": 0.0,
      "II": -2.68480614401785,
      "III": -1.289252641110868,
      "IV": -0.6080351253430145,
      "VI": -1.1216632157080209,
      "VII": 38.45241258366647,
      "VIII": 7.431956566726043,
      "IX": -1.9843384962007036,
      "XI": 2.410910834404864,
      "XIII": -4.368316327751024,
      "XIV": 1.6608369767364102,
      "XV": -1.0805896834282656,
      "XVII": -1.4753239454631066
    },
    "relative_errors_kjmol": {
      "Ih": 0.0,
      "II": -2.9948061440178524,
      "III": -2.539252641110868,
      "IV": -4.43803512534302,
      "VI": -2.901663215708022,
      "VII": 33.46241258366647,
      "VIII": 3.2019565667260395,
      "IX": -2.584338496200705,
      "XI": 2.2509108344048605,
      "XIII": -6.488316327751028,
      "XIV": -0.03916302326359267,
      "XV": -2.8205896834282678,
      "XVII": -3.2253239454631064
    },
    "mae_relative_kjmol": 5.5788973822569865,
    "me_relative_kjmol": 0.9069826152092423,
    "rmse_relative_kjmol": 10.188726135029937,
    "maxae_relative_kjmol": 33.46241258366647
  }
}