{
  "version":  "0.6.0",
  "energy":    -7.3284920864401237E-01,
  "energies": [
    -7.3284920864401237E-01
  ]
}
