{
  "version":  "0.6.0",
  "energy":    -2.8469268835008282E-01,
  "energies": [
    -2.8469268835008282E-01
  ]
}
