{
  "version":  "0.6.0",
  "energy":    -3.8233069427973434E+00,
  "energies": [
    -3.8233069427973434E+00
  ]
}
