{
  "version":  "0.6.0",
  "energy":    -1.5835657975252438E+01,
  "energies": [
    -3.9589144938131193E+00,
    -3.9589144938131029E+00,
    -3.9589144938131087E+00,
    -3.9589144938131082E+00
  ]
}
