{
  "version":  "0.6.0",
  "energy":    -4.6343024553617829E+00,
  "energies": [
    -4.6343024553617829E+00
  ]
}
