{
  "version":  "0.6.0",
  "energy":    -3.8287007102716593E+00,
  "energies": [
    -3.8287007102716593E+00
  ]
}
