{
  "version":  "0.6.0",
  "energy":    -1.0878118359705864E+00,
  "energies": [
    -1.0878118359705864E+00
  ]
}
