{
  "version":  "0.6.0",
  "energy":    -1.8386463706199814E+00,
  "energies": [
    -1.8386463706199814E+00
  ]
}
