{
  "version":  "0.6.0",
  "energy":    -4.6597466379242625E-01,
  "energies": [
    -4.6597466379242625E-01
  ]
}
